{
  "chart": {
    "title": "Excess mortality: Deaths from all causes compared to projection",
    "subtitle": "The percentage difference between the reported number of weekly or monthly deaths in 2020–2024 and the projected number of deaths for the same period based on previous years.",
    "note": "The reported number of deaths might not count all deaths that occurred due to incomplete coverage and delays in reporting.",
    "citation": "Human Mortality Database (2024); World Mortality Dataset (2024); Karlinsky and Kobak (2021) and other sources",
    "originalChartUrl": "https://ourworldindata.org/grapher/excess-mortality-p-scores-projected-baseline?v=1&csvType=full&useColumnShortNames=false",
    "selection": [
      "Mexico",
      "Russia",
      "South Africa"
    ]
  },
  "columns": {
    "p_proj_all_ages": {
      "titleShort": "Excess mortality P-scores, projected baseline, all ages.",
      "titleLong": "Excess mortality P-scores, projected baseline, all ages.",
      "descriptionShort": "P-scores using projected baseline for all ages",
      "descriptionKey": [
        "Excess deaths is estimated as _Excess deaths = Number of reported deaths - Number of expected deaths_. Excess mortality goes beyond confirmed COVID-19 fatalities by capturing all deaths above a projected baseline, including indirect deaths from pandemic-related disruptions.",
        "All-cause mortality data is from the Human Mortality Database (HMD) Short-term Mortality Fluctuations project and the World Mortality Dataset (WMD). Both sources are updated weekly.",
        "We use the baseline estimates by [Ariel Karlinsky and Dmitry Kobak (2021)](https://elifesciences.org/articles/69336) as part of their World Mortality Dataset (WMD).",
        "We do not use the data from some countries in WMD because they fail to meet the following data quality criteria: 1) at least three years of historical data; and 2) data published either weekly or monthly. The full list of excluded countries and reasons for exclusion can be found in [this spreadsheet](https://docs.google.com/spreadsheets/d/1JPMtzsx-smO3_K4ReK_HMeuVLEzVZ71qHghSuAfG788/edit?usp=sharing)."
      ],
      "shortUnit": "%",
      "unit": "%",
      "timespan": "",
      "type": "Numeric",
      "owidVariableId": 541208,
      "shortName": "p_proj_all_ages",
      "lastUpdated": "2024-08-20",
      "citationShort": "Human Mortality Database (2024); World Mortality Database (2024); Karlinsky & Kobak (2024) – processed by Our World in Data",
      "citationLong": "Human Mortality Database (2024); World Mortality Database (2024); Karlinsky & Kobak (2024) – processed by Our World in Data. “Excess mortality P-scores, projected baseline, all ages.” [dataset]. Human Mortality Database, “Human Mortality Database”; World Mortality Database, “World Mortality Database”; Karlinsky & Kobak, “Excess mortality during the COVID-19 pandemic” [original data].",
      "fullMetadata": "https://api.ourworldindata.org/v1/indicators/541208.metadata.json"
    }
  },
  "dateDownloaded": "2025-03-15",
  "activeFilters": {}
}